log_id,warehouse_id,sku,change_amount,timestamp
log_0,wh_9,sku_104,-2,2025-12-09 23:32:44.953817
log_1,wh_10,sku_105,-2,2025-12-09 23:32:44.953841
log_2,wh_9,sku_103,-1,2025-12-09 23:32:44.953850
log_3,wh_5,sku_102,-3,2025-12-09 23:32:44.953856
log_4,wh_7,sku_100,-5,2025-12-09 23:32:44.953874
log_5,wh_5,sku_103,-5,2025-12-09 23:32:44.953880
log_6,wh_8,sku_103,-4,2025-12-09 23:32:44.953886
log_7,wh_6,sku_100,-1,2025-12-09 23:32:44.953891
log_8,wh_1,sku_102,-5,2025-12-09 23:32:44.953896
log_9,wh_2,sku_102,-1,2025-12-09 23:32:44.953902
log_10,wh_6,sku_102,-1,2025-12-09 23:32:44.953907
log_11,wh_6,sku_104,-2,2025-12-09 23:32:44.953913
log_12,wh_9,sku_104,-3,2025-12-09 23:32:44.953919
log_13,wh_6,sku_100,-5,2025-12-09 23:32:44.953924
log_14,wh_3,sku_100,-1,2025-12-09 23:32:44.953929
log_15,wh_9,sku_105,-2,2025-12-09 23:32:44.953934
log_16,wh_7,sku_105,-4,2025-12-09 23:32:44.953940
log_17,wh_7,sku_105,-4,2025-12-09 23:32:44.953945
log_18,wh_3,sku_101,-4,2025-12-09 23:32:44.953951
log_19,wh_8,sku_101,-1,2025-12-09 23:32:44.953956
log_20,wh_10,sku_103,-5,2025-12-09 23:32:44.953962
log_21,wh_4,sku_104,-5,2025-12-09 23:32:44.953968
log_22,wh_1,sku_105,-3,2025-12-09 23:32:44.953973
log_23,wh_9,sku_100,-2,2025-12-09 23:32:44.953979
log_24,wh_1,sku_104,-1,2025-12-09 23:32:44.953985
log_25,wh_10,sku_100,-1,2025-12-09 23:32:44.953991
log_26,wh_4,sku_100,-1,2025-12-09 23:32:44.953997
log_27,wh_6,sku_100,-5,2025-12-09 23:32:44.954003
log_28,wh_7,sku_105,-3,2025-12-09 23:32:44.954009
log_29,wh_7,sku_102,-3,2025-12-09 23:32:44.954014
log_30,wh_9,sku_100,-5,2025-12-09 23:32:44.954020
log_31,wh_6,sku_100,-4,2025-12-09 23:32:44.954026
log_32,wh_1,sku_105,-4,2025-12-09 23:32:44.954032
log_33,wh_10,sku_103,-4,2025-12-09 23:32:44.954037
log_34,wh_2,sku_102,-4,2025-12-09 23:32:44.954043
log_35,wh_5,sku_100,-5,2025-12-09 23:32:44.954048
log_36,wh_7,sku_102,-3,2025-12-09 23:32:44.954053
log_37,wh_8,sku_101,-4,2025-12-09 23:32:44.954059
log_38,wh_5,sku_101,-1,2025-12-09 23:32:44.954065
log_39,wh_2,sku_103,-5,2025-12-09 23:32:44.954071
log_40,wh_6,sku_100,-4,2025-12-09 23:32:44.954077
log_41,wh_3,sku_104,-3,2025-12-09 23:32:44.954082
log_42,wh_1,sku_102,-2,2025-12-09 23:32:44.954088
log_43,wh_5,sku_100,-2,2025-12-09 23:32:44.954093
log_44,wh_4,sku_104,-1,2025-12-09 23:32:44.954099
log_45,wh_10,sku_102,-4,2025-12-09 23:32:44.954105
log_46,wh_10,sku_105,-2,2025-12-09 23:32:44.954111
log_47,wh_10,sku_101,-3,2025-12-09 23:32:44.954121
log_48,wh_7,sku_104,-4,2025-12-09 23:32:44.954127
log_49,wh_9,sku_105,-1,2025-12-09 23:32:44.954132
log_50,wh_5,sku_100,-3,2025-12-09 23:32:44.954138
log_51,wh_10,sku_105,-1,2025-12-09 23:32:44.954144
log_52,wh_8,sku_105,-3,2025-12-09 23:32:44.954150
log_53,wh_3,sku_105,-5,2025-12-09 23:32:44.954157
log_54,wh_1,sku_102,-3,2025-12-09 23:32:44.954163
log_55,wh_6,sku_103,-3,2025-12-09 23:32:44.954170
log_56,wh_1,sku_102,-4,2025-12-09 23:32:44.954176
log_57,wh_5,sku_104,-2,2025-12-09 23:32:44.954179
log_58,wh_10,sku_101,-2,2025-12-09 23:32:44.954183
log_59,wh_5,sku_101,-5,2025-12-09 23:32:44.954186
log_60,wh_2,sku_101,-4,2025-12-09 23:32:44.954189
log_61,wh_9,sku_100,-5,2025-12-09 23:32:44.954192
log_62,wh_1,sku_104,-5,2025-12-09 23:32:44.954195
log_63,wh_7,sku_103,-2,2025-12-09 23:32:44.954198
log_64,wh_7,sku_100,-3,2025-12-09 23:32:44.954201
log_65,wh_4,sku_101,-1,2025-12-09 23:32:44.954204
log_66,wh_5,sku_100,-5,2025-12-09 23:32:44.954207
log_67,wh_6,sku_103,-5,2025-12-09 23:32:44.954210
log_68,wh_2,sku_103,-3,2025-12-09 23:32:44.954213
log_69,wh_9,sku_101,-3,2025-12-09 23:32:44.954216
log_70,wh_5,sku_104,-3,2025-12-09 23:32:44.954219
log_71,wh_2,sku_104,-5,2025-12-09 23:32:44.954222
log_72,wh_7,sku_102,-3,2025-12-09 23:32:44.954246
log_73,wh_6,sku_105,-1,2025-12-09 23:32:44.954254
log_74,wh_9,sku_100,-4,2025-12-09 23:32:44.954260
log_75,wh_10,sku_102,-5,2025-12-09 23:32:44.954266
log_76,wh_2,sku_102,-4,2025-12-09 23:32:44.954270
log_77,wh_6,sku_102,-3,2025-12-09 23:32:44.954273
log_78,wh_6,sku_102,-1,2025-12-09 23:32:44.954276
log_79,wh_9,sku_102,-4,2025-12-09 23:32:44.954279
log_80,wh_2,sku_101,-2,2025-12-09 23:32:44.954282
log_81,wh_5,sku_102,-2,2025-12-09 23:32:44.954285
log_82,wh_6,sku_104,-5,2025-12-09 23:32:44.954288
log_83,wh_10,sku_101,-4,2025-12-09 23:32:44.954291
log_84,wh_4,sku_104,-3,2025-12-09 23:32:44.954294
log_85,wh_2,sku_103,-4,2025-12-09 23:32:44.954297
log_86,wh_4,sku_104,-1,2025-12-09 23:32:44.954300
log_87,wh_7,sku_105,-3,2025-12-09 23:32:44.954303
log_88,wh_10,sku_102,-3,2025-12-09 23:32:44.954306
log_89,wh_3,sku_102,-2,2025-12-09 23:32:44.954309
log_90,wh_4,sku_101,-4,2025-12-09 23:32:44.954316
log_91,wh_3,sku_100,-4,2025-12-09 23:32:44.954319
log_92,wh_9,sku_104,-4,2025-12-09 23:32:44.954323
log_93,wh_9,sku_102,-2,2025-12-09 23:32:44.954326
log_94,wh_2,sku_100,-1,2025-12-09 23:32:44.954329
log_95,wh_3,sku_102,-1,2025-12-09 23:32:44.954332
log_96,wh_9,sku_105,-1,2025-12-09 23:32:44.954335
log_97,wh_4,sku_103,-2,2025-12-09 23:32:44.954338
log_98,wh_6,sku_105,-3,2025-12-09 23:32:44.954341
log_99,wh_8,sku_101,-4,2025-12-09 23:32:44.954344
log_100,wh_5,sku_102,-5,2025-12-09 23:32:44.954347
log_101,wh_5,sku_100,-3,2025-12-09 23:32:44.954350
log_102,wh_5,sku_103,-4,2025-12-09 23:32:44.954353
log_103,wh_8,sku_103,-5,2025-12-09 23:32:44.954356
log_104,wh_6,sku_105,-4,2025-12-09 23:32:44.954359
log_105,wh_10,sku_102,-3,2025-12-09 23:32:44.954362
log_106,wh_1,sku_105,-4,2025-12-09 23:32:44.954365
log_107,wh_6,sku_103,-1,2025-12-09 23:32:44.954368
log_108,wh_5,sku_105,-1,2025-12-09 23:32:44.954373
log_109,wh_6,sku_105,-5,2025-12-09 23:32:44.954376
log_110,wh_5,sku_103,-4,2025-12-09 23:32:44.954379
log_111,wh_9,sku_103,-4,2025-12-09 23:32:44.954382
log_112,wh_3,sku_105,-4,2025-12-09 23:32:44.954385
log_113,wh_3,sku_101,-4,2025-12-09 23:32:44.954388
log_114,wh_3,sku_105,-2,2025-12-09 23:32:44.954391
log_115,wh_4,sku_103,-2,2025-12-09 23:32:44.954394
log_116,wh_1,sku_100,-4,2025-12-09 23:32:44.954396
log_117,wh_3,sku_101,-2,2025-12-09 23:32:44.954399
log_118,wh_5,sku_103,-3,2025-12-09 23:32:44.954402
log_119,wh_3,sku_101,-2,2025-12-09 23:32:44.954405
log_120,wh_1,sku_104,-1,2025-12-09 23:32:44.954408
log_121,wh_1,sku_105,-2,2025-12-09 23:32:44.954411
log_122,wh_7,sku_104,-4,2025-12-09 23:32:44.954414
log_123,wh_9,sku_105,-5,2025-12-09 23:32:44.954418
log_124,wh_2,sku_104,-1,2025-12-09 23:32:44.954421
log_125,wh_4,sku_104,-1,2025-12-09 23:32:44.954424
log_126,wh_1,sku_101,-3,2025-12-09 23:32:44.954427
log_127,wh_4,sku_103,-1,2025-12-09 23:32:44.954430
log_128,wh_8,sku_101,-2,2025-12-09 23:32:44.954433
log_129,wh_3,sku_102,-1,2025-12-09 23:32:44.954436
log_130,wh_1,sku_100,-1,2025-12-09 23:32:44.954439
log_131,wh_5,sku_104,-1,2025-12-09 23:32:44.954441
log_132,wh_7,sku_102,-5,2025-12-09 23:32:44.954446
log_133,wh_4,sku_105,-4,2025-12-09 23:32:44.954449
log_134,wh_8,sku_103,-3,2025-12-09 23:32:44.954452
log_135,wh_6,sku_103,-2,2025-12-09 23:32:44.954455
log_136,wh_5,sku_101,-4,2025-12-09 23:32:44.954458
log_137,wh_10,sku_105,-1,2025-12-09 23:32:44.954461
log_138,wh_10,sku_101,-4,2025-12-09 23:32:44.954464
log_139,wh_6,sku_105,-3,2025-12-09 23:32:44.954468
log_140,wh_1,sku_102,-3,2025-12-09 23:32:44.954471
log_141,wh_1,sku_103,-2,2025-12-09 23:32:44.954474
log_142,wh_6,sku_101,-2,2025-12-09 23:32:44.954477
log_143,wh_8,sku_101,-3,2025-12-09 23:32:44.954479
log_144,wh_7,sku_102,-4,2025-12-09 23:32:44.954482
log_145,wh_1,sku_101,-3,2025-12-09 23:32:44.954486
log_146,wh_9,sku_104,-2,2025-12-09 23:32:44.954488
log_147,wh_3,sku_104,-3,2025-12-09 23:32:44.954492
log_148,wh_10,sku_102,-1,2025-12-09 23:32:44.954495
log_149,wh_4,sku_101,-1,2025-12-09 23:32:44.954498
log_150,wh_3,sku_103,-1,2025-12-09 23:32:44.954501
log_151,wh_5,sku_105,-3,2025-12-09 23:32:44.954504
log_152,wh_4,sku_104,-2,2025-12-09 23:32:44.954507
log_153,wh_8,sku_105,-4,2025-12-09 23:32:44.954510
log_154,wh_2,sku_105,-5,2025-12-09 23:32:44.954513
log_155,wh_6,sku_105,-4,2025-12-09 23:32:44.954516
log_156,wh_6,sku_103,-5,2025-12-09 23:32:44.954519
log_157,wh_9,sku_100,-5,2025-12-09 23:32:44.954522
log_158,wh_10,sku_101,-1,2025-12-09 23:32:44.954525
log_159,wh_8,sku_105,-1,2025-12-09 23:32:44.954528
log_160,wh_10,sku_100,-1,2025-12-09 23:32:44.954531
log_161,wh_2,sku_101,-4,2025-12-09 23:32:44.954534
log_162,wh_7,sku_103,-5,2025-12-09 23:32:44.954590
log_163,wh_7,sku_103,-3,2025-12-09 23:32:44.954602
log_164,wh_7,sku_105,-1,2025-12-09 23:32:44.954609
log_165,wh_6,sku_100,-3,2025-12-09 23:32:44.954615
log_166,wh_4,sku_105,-4,2025-12-09 23:32:44.954622
log_167,wh_1,sku_101,-4,2025-12-09 23:32:44.954627
log_168,wh_6,sku_104,-5,2025-12-09 23:32:44.954633
log_169,wh_5,sku_105,-5,2025-12-09 23:32:44.954639
log_170,wh_2,sku_105,-3,2025-12-09 23:32:44.954644
log_171,wh_4,sku_101,-3,2025-12-09 23:32:44.954650
log_172,wh_4,sku_101,-5,2025-12-09 23:32:44.954655
log_173,wh_5,sku_103,-2,2025-12-09 23:32:44.954661
log_174,wh_3,sku_104,-5,2025-12-09 23:32:44.954666
log_175,wh_9,sku_103,-1,2025-12-09 23:32:44.954672
log_176,wh_5,sku_104,-1,2025-12-09 23:32:44.954677
log_177,wh_5,sku_103,-4,2025-12-09 23:32:44.954683
log_178,wh_10,sku_100,-5,2025-12-09 23:32:44.954688
log_179,wh_2,sku_105,-2,2025-12-09 23:32:44.954694
log_180,wh_5,sku_102,-3,2025-12-09 23:32:44.954700
log_181,wh_4,sku_101,-3,2025-12-09 23:32:44.954707
log_182,wh_3,sku_100,-5,2025-12-09 23:32:44.954713
log_183,wh_6,sku_104,-3,2025-12-09 23:32:44.954720
log_184,wh_10,sku_100,-3,2025-12-09 23:32:44.954726
log_185,wh_9,sku_100,-1,2025-12-09 23:32:44.954732
log_186,wh_6,sku_103,-4,2025-12-09 23:32:44.954738
log_187,wh_1,sku_104,-3,2025-12-09 23:32:44.954742
log_188,wh_8,sku_102,-2,2025-12-09 23:32:44.954745
log_189,wh_7,sku_105,-3,2025-12-09 23:32:44.954748
log_190,wh_2,sku_100,-5,2025-12-09 23:32:44.954751
log_191,wh_8,sku_102,-3,2025-12-09 23:32:44.954754
log_192,wh_8,sku_100,-4,2025-12-09 23:32:44.954757
log_193,wh_2,sku_102,-3,2025-12-09 23:32:44.954760
log_194,wh_10,sku_101,-4,2025-12-09 23:32:44.954763
log_195,wh_7,sku_104,-3,2025-12-09 23:32:44.954766
log_196,wh_10,sku_102,-5,2025-12-09 23:32:44.954769
log_197,wh_5,sku_103,-3,2025-12-09 23:32:44.954772
log_198,wh_8,sku_105,-3,2025-12-09 23:32:44.954775
log_199,wh_4,sku_105,-4,2025-12-09 23:32:44.954778
log_200,wh_10,sku_105,-5,2025-12-09 23:32:44.954781
log_201,wh_3,sku_105,-5,2025-12-09 23:32:44.954784
log_202,wh_7,sku_105,-3,2025-12-09 23:32:44.954787
log_203,wh_9,sku_102,-5,2025-12-09 23:32:44.954790
log_204,wh_7,sku_103,-4,2025-12-09 23:32:44.954793
log_205,wh_5,sku_102,-1,2025-12-09 23:32:44.954796
log_206,wh_10,sku_100,-4,2025-12-09 23:32:44.954799
log_207,wh_5,sku_104,-2,2025-12-09 23:32:44.954802
log_208,wh_2,sku_105,-3,2025-12-09 23:32:44.954805
log_209,wh_2,sku_102,-3,2025-12-09 23:32:44.954808
log_210,wh_9,sku_102,-3,2025-12-09 23:32:44.954811
log_211,wh_2,sku_100,-1,2025-12-09 23:32:44.954814
log_212,wh_1,sku_104,-4,2025-12-09 23:32:44.954817
log_213,wh_6,sku_104,-5,2025-12-09 23:32:44.954820
log_214,wh_6,sku_100,-5,2025-12-09 23:32:44.954823
log_215,wh_10,sku_105,-2,2025-12-09 23:32:44.954826
log_216,wh_2,sku_101,-3,2025-12-09 23:32:44.954829
log_217,wh_10,sku_101,-1,2025-12-09 23:32:44.954832
log_218,wh_9,sku_104,-4,2025-12-09 23:32:44.954835
log_219,wh_10,sku_104,-1,2025-12-09 23:32:44.954838
log_220,wh_6,sku_104,-5,2025-12-09 23:32:44.954841
log_221,wh_3,sku_102,-4,2025-12-09 23:32:44.954844
log_222,wh_8,sku_104,-5,2025-12-09 23:32:44.954847
log_223,wh_6,sku_101,-2,2025-12-09 23:32:44.954850
log_224,wh_9,sku_103,-2,2025-12-09 23:32:44.954853
log_225,wh_8,sku_100,-3,2025-12-09 23:32:44.954856
log_226,wh_3,sku_101,-3,2025-12-09 23:32:44.954860
log_227,wh_6,sku_101,-5,2025-12-09 23:32:44.954863
log_228,wh_3,sku_100,-1,2025-12-09 23:32:44.954866
log_229,wh_9,sku_103,-4,2025-12-09 23:32:44.954869
log_230,wh_8,sku_102,-5,2025-12-09 23:32:44.954872
log_231,wh_2,sku_100,-1,2025-12-09 23:32:44.954875
log_232,wh_1,sku_100,-2,2025-12-09 23:32:44.954878
log_233,wh_8,sku_101,-2,2025-12-09 23:32:44.954881
log_234,wh_7,sku_102,-1,2025-12-09 23:32:44.954884
log_235,wh_6,sku_103,-3,2025-12-09 23:32:44.954887
log_236,wh_4,sku_103,-3,2025-12-09 23:32:44.954890
log_237,wh_7,sku_101,-3,2025-12-09 23:32:44.954893
log_238,wh_2,sku_105,-2,2025-12-09 23:32:44.954896
log_239,wh_6,sku_104,-5,2025-12-09 23:32:44.954899
log_240,wh_3,sku_105,-5,2025-12-09 23:32:44.954902
log_241,wh_2,sku_101,-4,2025-12-09 23:32:44.954905
log_242,wh_3,sku_105,-1,2025-12-09 23:32:44.954908
log_243,wh_2,sku_105,-2,2025-12-09 23:32:44.954911
log_244,wh_1,sku_104,-4,2025-12-09 23:32:44.954914
log_245,wh_4,sku_102,-3,2025-12-09 23:32:44.954917
log_246,wh_2,sku_103,-5,2025-12-09 23:32:44.954920
log_247,wh_1,sku_100,-3,2025-12-09 23:32:44.954923
log_248,wh_1,sku_102,-5,2025-12-09 23:32:44.954926
log_249,wh_4,sku_102,-3,2025-12-09 23:32:44.954929
log_250,wh_1,sku_103,-4,2025-12-09 23:32:44.954932
log_251,wh_5,sku_102,-1,2025-12-09 23:32:44.954935
log_252,wh_2,sku_105,-3,2025-12-09 23:32:44.954938
log_253,wh_10,sku_104,-2,2025-12-09 23:32:44.954941
log_254,wh_1,sku_104,-2,2025-12-09 23:32:44.954944
log_255,wh_9,sku_101,-2,2025-12-09 23:32:44.954947
log_256,wh_3,sku_104,-3,2025-12-09 23:32:44.954950
log_257,wh_7,sku_104,-5,2025-12-09 23:32:44.954953
log_258,wh_8,sku_105,-3,2025-12-09 23:32:44.954957
log_259,wh_5,sku_100,-5,2025-12-09 23:32:44.954960
log_260,wh_3,sku_103,-4,2025-12-09 23:32:44.954963
log_261,wh_9,sku_103,-1,2025-12-09 23:32:44.954966
log_262,wh_10,sku_105,-2,2025-12-09 23:32:44.954969
log_263,wh_9,sku_100,-4,2025-12-09 23:32:44.954972
log_264,wh_4,sku_103,-1,2025-12-09 23:32:44.954975
log_265,wh_8,sku_105,-3,2025-12-09 23:32:44.954978
log_266,wh_1,sku_104,-1,2025-12-09 23:32:44.954981
log_267,wh_8,sku_105,-5,2025-12-09 23:32:44.954984
log_268,wh_5,sku_103,-5,2025-12-09 23:32:44.954987
log_269,wh_5,sku_102,-4,2025-12-09 23:32:44.954990
log_270,wh_6,sku_101,-1,2025-12-09 23:32:44.954993
log_271,wh_10,sku_104,-1,2025-12-09 23:32:44.954996
log_272,wh_5,sku_103,-5,2025-12-09 23:32:44.954999
log_273,wh_6,sku_100,-4,2025-12-09 23:32:44.955002
log_274,wh_7,sku_100,-3,2025-12-09 23:32:44.955005
log_275,wh_7,sku_103,-5,2025-12-09 23:32:44.955008
log_276,wh_5,sku_104,-1,2025-12-09 23:32:44.955011
log_277,wh_6,sku_101,-5,2025-12-09 23:32:44.955014
log_278,wh_6,sku_104,-5,2025-12-09 23:32:44.955017
log_279,wh_9,sku_105,-5,2025-12-09 23:32:44.955020
log_280,wh_2,sku_105,-1,2025-12-09 23:32:44.955023
log_281,wh_10,sku_101,-2,2025-12-09 23:32:44.955026
log_282,wh_1,sku_104,-3,2025-12-09 23:32:44.955029
log_283,wh_8,sku_105,-2,2025-12-09 23:32:44.955032
log_284,wh_6,sku_101,-2,2025-12-09 23:32:44.955035
log_285,wh_9,sku_103,-2,2025-12-09 23:32:44.955038
log_286,wh_9,sku_103,-5,2025-12-09 23:32:44.955041
log_287,wh_5,sku_101,-4,2025-12-09 23:32:44.955044
log_288,wh_3,sku_100,-1,2025-12-09 23:32:44.955047
log_289,wh_3,sku_100,-5,2025-12-09 23:32:44.955050
log_290,wh_6,sku_105,-2,2025-12-09 23:32:44.955053
log_291,wh_4,sku_102,-2,2025-12-09 23:32:44.955057
log_292,wh_2,sku_101,-4,2025-12-09 23:32:44.955060
log_293,wh_7,sku_101,-3,2025-12-09 23:32:44.955063
log_294,wh_9,sku_104,-2,2025-12-09 23:32:44.955066
log_295,wh_10,sku_103,-3,2025-12-09 23:32:44.955069
log_296,wh_9,sku_101,-4,2025-12-09 23:32:44.955071
log_297,wh_7,sku_101,-4,2025-12-09 23:32:44.955074
log_298,wh_7,sku_103,-2,2025-12-09 23:32:44.955077
log_299,wh_8,sku_103,-5,2025-12-09 23:32:44.955081
log_300,wh_8,sku_100,-4,2025-12-09 23:32:44.955084
log_301,wh_6,sku_105,-3,2025-12-09 23:32:44.955087
log_302,wh_4,sku_100,-1,2025-12-09 23:32:44.955090
log_303,wh_10,sku_102,-2,2025-12-09 23:32:44.955093
log_304,wh_2,sku_103,-3,2025-12-09 23:32:44.955096
log_305,wh_10,sku_102,-4,2025-12-09 23:32:44.955099
log_306,wh_9,sku_102,-3,2025-12-09 23:32:44.955102
log_307,wh_5,sku_104,-4,2025-12-09 23:32:44.955105
log_308,wh_6,sku_104,-2,2025-12-09 23:32:44.955108
log_309,wh_9,sku_105,-4,2025-12-09 23:32:44.955111
log_310,wh_7,sku_103,-5,2025-12-09 23:32:44.955114
log_311,wh_9,sku_104,-3,2025-12-09 23:32:44.955117
log_312,wh_3,sku_100,-5,2025-12-09 23:32:44.955120
log_313,wh_10,sku_103,-5,2025-12-09 23:32:44.955123
log_314,wh_9,sku_101,-4,2025-12-09 23:32:44.955126
log_315,wh_6,sku_103,-2,2025-12-09 23:32:44.955129
log_316,wh_5,sku_104,-5,2025-12-09 23:32:44.955132
log_317,wh_5,sku_102,-2,2025-12-09 23:32:44.955135
log_318,wh_2,sku_102,-5,2025-12-09 23:32:44.955138
log_319,wh_1,sku_105,-3,2025-12-09 23:32:44.955141
log_320,wh_7,sku_104,-3,2025-12-09 23:32:44.955144
log_321,wh_4,sku_101,-4,2025-12-09 23:32:44.955147
log_322,wh_4,sku_103,-5,2025-12-09 23:32:44.955181
log_323,wh_1,sku_101,-3,2025-12-09 23:32:44.955191
log_324,wh_6,sku_102,-3,2025-12-09 23:32:44.955197
log_325,wh_10,sku_102,-2,2025-12-09 23:32:44.955203
log_326,wh_10,sku_102,-5,2025-12-09 23:32:44.955342
log_327,wh_4,sku_103,-2,2025-12-09 23:32:44.955358
log_328,wh_10,sku_104,-4,2025-12-09 23:32:44.955364
log_329,wh_9,sku_102,-2,2025-12-09 23:32:44.955370
log_330,wh_3,sku_101,-2,2025-12-09 23:32:44.955376
log_331,wh_5,sku_103,-1,2025-12-09 23:32:44.955381
log_332,wh_2,sku_102,-5,2025-12-09 23:32:44.955387
log_333,wh_7,sku_104,-2,2025-12-09 23:32:44.955392
log_334,wh_9,sku_105,-4,2025-12-09 23:32:44.955398
log_335,wh_10,sku_105,-5,2025-12-09 23:32:44.955403
log_336,wh_1,sku_105,-2,2025-12-09 23:32:44.955409
log_337,wh_9,sku_104,-2,2025-12-09 23:32:44.955414
log_338,wh_7,sku_103,-3,2025-12-09 23:32:44.955421
log_339,wh_8,sku_105,-1,2025-12-09 23:32:44.955427
log_340,wh_3,sku_101,-5,2025-12-09 23:32:44.955432
log_341,wh_8,sku_105,-1,2025-12-09 23:32:44.955437
log_342,wh_1,sku_101,-1,2025-12-09 23:32:44.955443
log_343,wh_9,sku_104,-1,2025-12-09 23:32:44.955448
log_344,wh_3,sku_104,-2,2025-12-09 23:32:44.955453
log_345,wh_3,sku_103,-5,2025-12-09 23:32:44.955459
log_346,wh_1,sku_100,-4,2025-12-09 23:32:44.955464
log_347,wh_5,sku_102,-3,2025-12-09 23:32:44.955470
log_348,wh_6,sku_105,-1,2025-12-09 23:32:44.955475
log_349,wh_10,sku_105,-1,2025-12-09 23:32:44.955481
log_350,wh_7,sku_101,-5,2025-12-09 23:32:44.955486
log_351,wh_4,sku_104,-1,2025-12-09 23:32:44.955493
log_352,wh_5,sku_102,-3,2025-12-09 23:32:44.955500
log_353,wh_5,sku_105,-5,2025-12-09 23:32:44.955507
log_354,wh_1,sku_101,-3,2025-12-09 23:32:44.955514
log_355,wh_6,sku_100,-4,2025-12-09 23:32:44.955521
log_356,wh_8,sku_101,-3,2025-12-09 23:32:44.955528
log_357,wh_3,sku_102,-4,2025-12-09 23:32:44.955536
log_358,wh_10,sku_102,-5,2025-12-09 23:32:44.955543
log_359,wh_1,sku_100,-3,2025-12-09 23:32:44.955549
log_360,wh_2,sku_105,-5,2025-12-09 23:32:44.955556
log_361,wh_9,sku_102,-1,2025-12-09 23:32:44.955563
log_362,wh_1,sku_105,-1,2025-12-09 23:32:44.955569
log_363,wh_9,sku_105,-3,2025-12-09 23:32:44.955572
log_364,wh_1,sku_105,-3,2025-12-09 23:32:44.955575
log_365,wh_4,sku_103,-3,2025-12-09 23:32:44.955578
log_366,wh_2,sku_101,-5,2025-12-09 23:32:44.955582
log_367,wh_8,sku_102,-2,2025-12-09 23:32:44.955584
log_368,wh_10,sku_103,-4,2025-12-09 23:32:44.955588
log_369,wh_1,sku_104,-5,2025-12-09 23:32:44.955591
log_370,wh_5,sku_104,-2,2025-12-09 23:32:44.955594
log_371,wh_5,sku_104,-5,2025-12-09 23:32:44.955597
log_372,wh_1,sku_105,-4,2025-12-09 23:32:44.955600
log_373,wh_5,sku_102,-3,2025-12-09 23:32:44.955603
log_374,wh_5,sku_100,-1,2025-12-09 23:32:44.955606
log_375,wh_10,sku_101,-2,2025-12-09 23:32:44.955609
log_376,wh_9,sku_102,-5,2025-12-09 23:32:44.955612
log_377,wh_7,sku_105,-1,2025-12-09 23:32:44.955615
log_378,wh_3,sku_101,-1,2025-12-09 23:32:44.955618
log_379,wh_9,sku_103,-4,2025-12-09 23:32:44.955621
log_380,wh_9,sku_103,-1,2025-12-09 23:32:44.955624
log_381,wh_5,sku_105,-1,2025-12-09 23:32:44.955627
log_382,wh_10,sku_101,-3,2025-12-09 23:32:44.955630
log_383,wh_10,sku_101,-1,2025-12-09 23:32:44.955633
log_384,wh_2,sku_100,-4,2025-12-09 23:32:44.955636
log_385,wh_9,sku_101,-4,2025-12-09 23:32:44.955639
log_386,wh_9,sku_100,-3,2025-12-09 23:32:44.955642
log_387,wh_4,sku_104,-1,2025-12-09 23:32:44.955645
log_388,wh_1,sku_105,-5,2025-12-09 23:32:44.955648
log_389,wh_1,sku_105,-4,2025-12-09 23:32:44.955651
log_390,wh_10,sku_101,-1,2025-12-09 23:32:44.955654
log_391,wh_1,sku_103,-3,2025-12-09 23:32:44.955657
log_392,wh_3,sku_103,-5,2025-12-09 23:32:44.955660
log_393,wh_1,sku_100,-4,2025-12-09 23:32:44.955663
log_394,wh_2,sku_101,-5,2025-12-09 23:32:44.955666
log_395,wh_6,sku_105,-4,2025-12-09 23:32:44.955669
log_396,wh_3,sku_101,-2,2025-12-09 23:32:44.955672
log_397,wh_5,sku_100,-4,2025-12-09 23:32:44.955675
log_398,wh_3,sku_102,-3,2025-12-09 23:32:44.955678
log_399,wh_9,sku_105,-5,2025-12-09 23:32:44.955682
log_400,wh_2,sku_102,-1,2025-12-09 23:32:44.955685
log_401,wh_1,sku_104,-1,2025-12-09 23:32:44.955688
log_402,wh_3,sku_105,-2,2025-12-09 23:32:44.955691
log_403,wh_7,sku_105,-2,2025-12-09 23:32:44.955694
log_404,wh_9,sku_105,-3,2025-12-09 23:32:44.955697
log_405,wh_5,sku_103,-4,2025-12-09 23:32:44.955700
log_406,wh_8,sku_103,-5,2025-12-09 23:32:44.955703
log_407,wh_4,sku_101,-4,2025-12-09 23:32:44.955706
log_408,wh_4,sku_100,-2,2025-12-09 23:32:44.955732
log_409,wh_9,sku_102,-3,2025-12-09 23:32:44.955738
log_410,wh_6,sku_101,-1,2025-12-09 23:32:44.955744
log_411,wh_2,sku_100,-3,2025-12-09 23:32:44.955749
log_412,wh_5,sku_103,-5,2025-12-09 23:32:44.955755
log_413,wh_2,sku_100,-5,2025-12-09 23:32:44.955762
log_414,wh_7,sku_103,-4,2025-12-09 23:32:44.955765
log_415,wh_3,sku_103,-3,2025-12-09 23:32:44.955768
log_416,wh_1,sku_103,-3,2025-12-09 23:32:44.955772
log_417,wh_3,sku_102,-2,2025-12-09 23:32:44.955775
log_418,wh_10,sku_101,-4,2025-12-09 23:32:44.955778
log_419,wh_4,sku_101,-2,2025-12-09 23:32:44.955781
log_420,wh_10,sku_102,-3,2025-12-09 23:32:44.955784
log_421,wh_1,sku_100,-1,2025-12-09 23:32:44.955787
log_422,wh_7,sku_103,-3,2025-12-09 23:32:44.955790
log_423,wh_5,sku_102,-3,2025-12-09 23:32:44.955793
log_424,wh_10,sku_100,-4,2025-12-09 23:32:44.955796
log_425,wh_4,sku_105,-1,2025-12-09 23:32:44.955799
log_426,wh_9,sku_100,-2,2025-12-09 23:32:44.955802
log_427,wh_2,sku_103,-5,2025-12-09 23:32:44.955805
log_428,wh_3,sku_103,-3,2025-12-09 23:32:44.955808
log_429,wh_8,sku_102,-4,2025-12-09 23:32:44.955811
log_430,wh_5,sku_101,-3,2025-12-09 23:32:44.955814
log_431,wh_9,sku_102,-3,2025-12-09 23:32:44.955817
log_432,wh_6,sku_105,-4,2025-12-09 23:32:44.955820
log_433,wh_5,sku_103,-4,2025-12-09 23:32:44.955823
log_434,wh_9,sku_103,-2,2025-12-09 23:32:44.955826
log_435,wh_4,sku_100,-3,2025-12-09 23:32:44.955829
log_436,wh_10,sku_100,-2,2025-12-09 23:32:44.955832
log_437,wh_5,sku_100,-1,2025-12-09 23:32:44.955835
log_438,wh_9,sku_102,-2,2025-12-09 23:32:44.955838
log_439,wh_10,sku_104,-4,2025-12-09 23:32:44.955841
log_440,wh_9,sku_102,-1,2025-12-09 23:32:44.955844
log_441,wh_2,sku_100,-3,2025-12-09 23:32:44.955847
log_442,wh_9,sku_102,-5,2025-12-09 23:32:44.955850
log_443,wh_4,sku_102,-2,2025-12-09 23:32:44.955853
log_444,wh_3,sku_100,-4,2025-12-09 23:32:44.955856
log_445,wh_9,sku_100,-2,2025-12-09 23:32:44.955859
log_446,wh_9,sku_100,-3,2025-12-09 23:32:44.955863
log_447,wh_5,sku_101,-5,2025-12-09 23:32:44.955866
log_448,wh_8,sku_103,-3,2025-12-09 23:32:44.955868
log_449,wh_6,sku_100,-1,2025-12-09 23:32:44.955871
log_450,wh_8,sku_103,-2,2025-12-09 23:32:44.955875
log_451,wh_10,sku_103,-2,2025-12-09 23:32:44.955878
log_452,wh_2,sku_100,-4,2025-12-09 23:32:44.955881
log_453,wh_4,sku_101,-5,2025-12-09 23:32:44.955884
log_454,wh_1,sku_101,-1,2025-12-09 23:32:44.955887
log_455,wh_3,sku_103,-1,2025-12-09 23:32:44.955890
log_456,wh_2,sku_103,-1,2025-12-09 23:32:44.955893
log_457,wh_9,sku_102,-5,2025-12-09 23:32:44.955895
log_458,wh_3,sku_103,-3,2025-12-09 23:32:44.955899
log_459,wh_9,sku_100,-2,2025-12-09 23:32:44.955902
log_460,wh_5,sku_103,-2,2025-12-09 23:32:44.955905
log_461,wh_7,sku_104,-5,2025-12-09 23:32:44.955908
log_462,wh_2,sku_100,-1,2025-12-09 23:32:44.955911
log_463,wh_2,sku_104,-5,2025-12-09 23:32:44.955914
log_464,wh_8,sku_104,-4,2025-12-09 23:32:44.955917
log_465,wh_1,sku_105,-5,2025-12-09 23:32:44.955920
log_466,wh_7,sku_100,-3,2025-12-09 23:32:44.955923
log_467,wh_6,sku_101,-3,2025-12-09 23:32:44.955926
log_468,wh_7,sku_104,-4,2025-12-09 23:32:44.955929
log_469,wh_7,sku_105,-5,2025-12-09 23:32:44.955932
log_470,wh_8,sku_105,-2,2025-12-09 23:32:44.955935
log_471,wh_2,sku_102,-3,2025-12-09 23:32:44.955938
log_472,wh_4,sku_101,-2,2025-12-09 23:32:44.955941
log_473,wh_2,sku_103,-4,2025-12-09 23:32:44.955944
log_474,wh_1,sku_102,-5,2025-12-09 23:32:44.955947
log_475,wh_3,sku_105,-3,2025-12-09 23:32:44.955950
log_476,wh_4,sku_102,-3,2025-12-09 23:32:44.955953
log_477,wh_9,sku_102,-5,2025-12-09 23:32:44.955956
log_478,wh_4,sku_102,-5,2025-12-09 23:32:44.955959
log_479,wh_9,sku_105,-1,2025-12-09 23:32:44.955962
log_480,wh_3,sku_103,-2,2025-12-09 23:32:44.955966
log_481,wh_9,sku_102,-5,2025-12-09 23:32:44.955968
log_482,wh_5,sku_103,-4,2025-12-09 23:32:44.956012
log_483,wh_6,sku_105,-4,2025-12-09 23:32:44.956022
log_484,wh_1,sku_104,-4,2025-12-09 23:32:44.956029
log_485,wh_4,sku_100,-1,2025-12-09 23:32:44.956035
log_486,wh_4,sku_102,-2,2025-12-09 23:32:44.956041
log_487,wh_5,sku_102,-5,2025-12-09 23:32:44.956047
log_488,wh_2,sku_105,-5,2025-12-09 23:32:44.956053
log_489,wh_9,sku_101,-4,2025-12-09 23:32:44.956058
log_490,wh_7,sku_100,-4,2025-12-09 23:32:44.956064
log_491,wh_2,sku_105,-5,2025-12-09 23:32:44.956069
log_492,wh_6,sku_100,-1,2025-12-09 23:32:44.956074
log_493,wh_7,sku_104,-5,2025-12-09 23:32:44.956080
log_494,wh_10,sku_100,-4,2025-12-09 23:32:44.956085
log_495,wh_9,sku_102,-2,2025-12-09 23:32:44.956091
log_496,wh_2,sku_102,-3,2025-12-09 23:32:44.956097
log_497,wh_3,sku_103,-2,2025-12-09 23:32:44.956102
log_498,wh_10,sku_105,-1,2025-12-09 23:32:44.956108
log_499,wh_6,sku_100,-3,2025-12-09 23:32:44.956114
